,total.var,total.var.serr,total.pve,total.pve.serr,AL.pve,AL.pve.serr,20.pve,20.pve.serr,40.pve,40.pve.serr,1D.pve,1D.pve.serr,2D.pve,2D.pve.serr
weighted.post.state.transitions.SS.GS,,0.018917262753481427,0.2905842173791547,0.01837826464183898,0.26262226394024185,0.02138260598582148,0.3937748271912028,0.028096777368169252,0.43194955779678995,0.030660403937563932,0.300871380019307,0.023180371803593395,0.29221528421927007,0.017304300505263666
