,total.var,total.var.serr,total.pve,total.pve.serr,AL.pve,AL.pve.serr,20.pve,20.pve.serr,40.pve,40.pve.serr,1D.pve,1D.pve.serr,2D.pve,2D.pve.serr
post.start.time.longest.bout.SS,,0.014225077976091136,0.19419137757873473,0.039910274926093184,0.11830628387941235,0.035617403233246546,0.11646363841341814,0.035328939928094584,0.12472326407004236,0.03735971582811077,0.4348650702273596,0.12019286334243287,0.10924519832247333,0.030598108910934632
