,total.var,total.var.serr,total.pve,total.pve.serr,AL.pve,AL.pve.serr,20.pve,20.pve.serr,40.pve,40.pve.serr,1D.pve,1D.pve.serr,2D.pve,2D.pve.serr
weighted.post.max.abs.growthrate.percent.GS,,0.019515293061035707,0.10628292009922718,0.04524965044064089,0.11893666827959501,0.05051779452688741,0.11139816068068632,0.047907566531457675,0.07272480038946164,0.03168704317613029,0.13035401156448886,0.055772682974099125,0.1249862631537931,0.053129961344214854
