,total.var,total.var.serr,total.pve,total.pve.serr,AL.pve,AL.pve.serr,20.pve,20.pve.serr,40.pve,40.pve.serr,1D.pve,1D.pve.serr,2D.pve,2D.pve.serr
post.longest.bout.DS,,0.016014373107532114,0.2014992264358294,0.03346873033752212,0.04331180899507226,0.006445417802868233,0.05689395012667065,0.01262775392388688,0.609820868556345,0.12959931587870424,0.05088308792844885,0.00908840601744322,0.06310487803632103,0.012709128872611716
