,total.var,total.var.serr,total.pve,total.pve.serr,AL.pve,AL.pve.serr,20.pve,20.pve.serr,40.pve,40.pve.serr,1D.pve,1D.pve.serr,2D.pve,2D.pve.serr
post.longest.bout.SS,,0.014372605621133676,0.25763485124813545,0.022235668335965065,0.29025702826518984,0.027645266816558708,0.3893769558370292,0.0322856845681149,0.30407136215669633,0.028152272150802706,0.2589381813660845,0.02477291449654648,0.213875907652157,0.0212425250585845
