,total.var,total.var.serr,total.pve,total.pve.serr,AL.pve,AL.pve.serr,20.pve,20.pve.serr,40.pve,40.pve.serr,1D.pve,1D.pve.serr,2D.pve,2D.pve.serr
weighted.post.max.abs.growthrate.percent.SS,,0.014137334294290418,0.3779327636541821,0.01546965799639856,0.529407079093003,0.02032382195200082,0.5636799354669471,0.02924723719151128,0.3150391322681152,0.015013996966268955,0.5117334151852175,0.03272183350051647,0.5632271613975998,0.028978424672033962
