,total.var,total.var.serr,total.pve,total.pve.serr,AL.pve,AL.pve.serr,20.pve,20.pve.serr,40.pve,40.pve.serr,1D.pve,1D.pve.serr,2D.pve,2D.pve.serr
weighted.post.state.transitions.SS.DS,,0.011144054627883843,0.2810414580494473,0.030482610668287783,0.23586417112229754,0.025666048987631196,0.3637170167485906,0.03914327356541888,0.4120146860243053,0.038706460225483116,0.27103384421607596,0.03694928906668746,0.2872258196494342,0.031566479374343565
