,total.var,total.var.serr,total.pve,total.pve.serr,AL.pve,AL.pve.serr,20.pve,20.pve.serr,40.pve,40.pve.serr,1D.pve,1D.pve.serr,2D.pve,2D.pve.serr
weighted.post.max.abs.growthrate.DS,,0.016571285238680334,0.17238776471722234,0.04385540116163176,0.14753181643814045,0.036944001416617085,0.19360890496294647,0.052109511790876833,0.24641371305830023,0.062300724285189645,0.18500876760617924,0.04856310409175797,0.17944907620900055,0.04636695571204675
