,total.var,total.var.serr,total.pve,total.pve.serr,AL.pve,AL.pve.serr,20.pve,20.pve.serr,40.pve,40.pve.serr,1D.pve,1D.pve.serr,2D.pve,2D.pve.serr
post.start.time.longest.bout.DS,,0.019849954329890156,0.1515120997887927,0.017384043791445068,0.26224708917305933,0.03180215367243433,0.17545840150236588,0.019243004711828455,0.0941919208190262,0.013155549776720296,0.18323070475116607,0.016093523968416255,0.16377231445615803,0.023288111545754924
