,total.var,total.var.serr,total.pve,total.pve.serr,AL.pve,AL.pve.serr,20.pve,20.pve.serr,40.pve,40.pve.serr,1D.pve,1D.pve.serr,2D.pve,2D.pve.serr
weighted.post.state.transitions.GS.DS,,0.02442775057096987,0.2643652644858204,0.04677467620323889,0.23647960487814979,0.04346251807957917,0.40126880746314075,0.0634275457957967,0.439559395449353,0.08079822431901093,0.2872455281053352,0.05404792262739137,0.3354429948948451,0.06025739692256687
