,total.var,total.var.serr,total.pve,total.pve.serr,AL.pve,AL.pve.serr,20.pve,20.pve.serr,40.pve,40.pve.serr,1D.pve,1D.pve.serr,2D.pve,2D.pve.serr
weighted.post.state.occupancy.SS,,0.011643411283324223,0.24530449110157318,0.03000493240477898,0.20701698639248384,0.027256835125665544,0.3125786534009007,0.04162980881132079,0.350822130348206,0.032853141196792356,0.24411629314207592,0.03001377540050664,0.2672339968933734,0.032573567316964
