,total.var,total.var.serr,total.pve,total.pve.serr,AL.pve,AL.pve.serr,20.pve,20.pve.serr,40.pve,40.pve.serr,1D.pve,1D.pve.serr,2D.pve,2D.pve.serr
weighted.post.state.transitions.GS.SS,,0.01724223848635667,0.1467745030831971,0.04306775347606115,0.13087403987919746,0.03722957905383214,0.17606127930254475,0.04982760951652124,0.1978993102966665,0.06068415315867975,0.1442559847025726,0.04399788289888484,0.15941906467364883,0.04779256783850292
