,total.var,total.var.serr,total.pve,total.pve.serr,AL.pve,AL.pve.serr,20.pve,20.pve.serr,40.pve,40.pve.serr,1D.pve,1D.pve.serr,2D.pve,2D.pve.serr
resilience.mean,,0.02389882216755703,0.0,0.005001704141633341,0.0,0.005562778455803095,0.0,0.004910746395477394,0.0,0.004338399167496695,0.0,0.005901354113062122,0.0,0.005184136586573218
