,total.var,total.var.serr,total.pve,total.pve.serr,AL.pve,AL.pve.serr,20.pve,20.pve.serr,40.pve,40.pve.serr,1D.pve,1D.pve.serr,2D.pve,2D.pve.serr
weighted.post.state.occupancy.DS,,0.015193858589629804,0.27672093190100955,0.03305332932837112,0.2690023805767653,0.03269950799440605,0.31421852773739506,0.038398690757524355,0.28360386055764675,0.03451664475913551,0.2679478344020401,0.03530551589340941,0.2735486972397676,0.03254095534256645
