,total.var,total.var.serr,total.pve,total.pve.serr,AL.pve,AL.pve.serr,20.pve,20.pve.serr,40.pve,40.pve.serr,1D.pve,1D.pve.serr,2D.pve,2D.pve.serr
weighted.post.state.transitions.DS.DS,,0.016103703632456872,0.2377733830026336,0.02889218705294635,0.23310102784222062,0.02992019369256092,0.25807726792732383,0.03200128693244111,0.28703581639584685,0.03470123106207272,0.2112791377926248,0.02515737862406199,0.22732233057495727,0.028850748047911382
