,total.var,total.var.serr,total.pve,total.pve.serr,AL.pve,AL.pve.serr,20.pve,20.pve.serr,40.pve,40.pve.serr,1D.pve,1D.pve.serr,2D.pve,2D.pve.serr
resilience.min,,0.014728732840938329,0.0,0.012001846181115447,0.0,0.013928473980583417,0.0,0.011135353024646182,0.0,0.008813236361950671,0.0,0.014842755368838528,0.0,0.013256486933873844
