,total.var,total.var.serr,total.pve,total.pve.serr,AL.pve,AL.pve.serr,20.pve,20.pve.serr,40.pve,40.pve.serr,1D.pve,1D.pve.serr,2D.pve,2D.pve.serr
post.start.time.longest.bout.GS,,0.016711815507128375,0.198351167138562,0.03854053259292105,0.05433286110097226,0.02261906583417404,0.46409986526998537,0.1524122506418473,0.026790204259958504,0.011762003764997036,0.48852470602897136,0.10788616370250384,0.03664401096120184,0.015320386369484471
