,total.var,total.var.serr,total.pve,total.pve.serr,AL.pve,AL.pve.serr,20.pve,20.pve.serr,40.pve,40.pve.serr,1D.pve,1D.pve.serr,2D.pve,2D.pve.serr
weighted.post.state.transitions.DS.GS,,0.01586966935926442,0.2515300568262464,0.034055905868594076,0.24545436398761378,0.03345278015104388,0.2608681479226048,0.04020481869061848,0.3120942570252526,0.043363623006662744,0.22434772921684976,0.029506028943531805,0.24360678692222157,0.03374863808947564
