,total.var,total.var.serr,total.pve,total.pve.serr,AL.pve,AL.pve.serr,20.pve,20.pve.serr,40.pve,40.pve.serr,1D.pve,1D.pve.serr,2D.pve,2D.pve.serr
weighted.post.max.abs.growthrate.SS,,0.017164296989318192,0.11106243450906589,0.02545036958667781,0.11536190425247021,0.026376685252738764,0.11993568667625053,0.024443694582452744,0.0976839116163122,0.024506100712439742,0.10907025717240271,0.02748515624864296,0.12658902156414348,0.03158760535428886
