,total.var,total.var.serr,total.pve,total.pve.serr,AL.pve,AL.pve.serr,20.pve,20.pve.serr,40.pve,40.pve.serr,1D.pve,1D.pve.serr,2D.pve,2D.pve.serr
weighted.post.state.transitions.GS.GS,,0.0260693447818701,0.24615814265173813,0.058043448578265294,0.23718841233517818,0.059685763046704324,0.3717793776526263,0.08293605861275838,0.4268743142707445,0.10292817414967886,0.2593266610764346,0.05861582313139025,0.29717000400762733,0.06921142171463196
