,total.var,total.var.serr,total.pve,total.pve.serr,AL.pve,AL.pve.serr,20.pve,20.pve.serr,40.pve,40.pve.serr,1D.pve,1D.pve.serr,2D.pve,2D.pve.serr
weighted.post.state.occupancy.GS,,0.015850943316329018,0.24282528896242436,0.03221359127639255,0.14202970871763643,0.01608922872869034,0.24715741760983387,0.02864216011714085,0.36453274153052384,0.04288148182558144,0.1926391607773767,0.024050630997259854,0.5607286550414805,0.1466963747417566
