,total.var,total.var.serr,total.pve,total.pve.serr,AL.pve,AL.pve.serr,20.pve,20.pve.serr,40.pve,40.pve.serr,1D.pve,1D.pve.serr,2D.pve,2D.pve.serr
weighted.post.state.transitions.SS.SS,,0.01825284565226212,0.23423831590119523,0.03116204663846411,0.19837131427787397,0.026747850630964232,0.28555656805436924,0.04098839005696107,0.35443990176138,0.04317676115993611,0.2157955328766417,0.02869727307369694,0.23715069656157217,0.03239407919304391
