,total.var,total.var.serr,total.pve,total.pve.serr,AL.pve,AL.pve.serr,20.pve,20.pve.serr,40.pve,40.pve.serr,1D.pve,1D.pve.serr,2D.pve,2D.pve.serr
weighted.post.state.transitions.DS.SS,,0.013408839645870531,0.2341755941393308,0.03345257960621573,0.19831762145044124,0.029609259829085265,0.28548830150969207,0.04477777787518058,0.35436403622803314,0.04208169300000888,0.2157331613178222,0.035141800335162926,0.23707871520951568,0.03170007558952795
